,norad,line1,line2
0,90001,1 90001U 18001A   18334.16666666  .00000000  00000-0  00000-0 0    10,2 90001  85.1017 280.2406 0010000 300.0196 300.0000 15.21936487    10
1,90002,1 90002U 18001A   18334.16666666  .00000000  00000-0  00000-0 0    10,2 90002  85.1017 280.2406 0009004 300.0196 300.0000 15.21936353    10
2,90003,1 90003U 18001A   18334.16666666  .00000000  00000-0  00000-0 0    10,2 90003  85.1017 280.2406 0009820 300.0196 300.0000 15.21936501    10
3,90004,1 90004U 18001A   18334.16666666  .00000000  00000-0  00000-0 0    10,2 90004  85.1017 280.2406 0009999 300.0196 300.0000 15.21936764    10
